<?xml version='1.0'?>
<home version='7200' exportFlags='17' name='RF0006 M white.sh3d' camera='topCamera' selectedLevel='level-639ef367-c0ca-4985-b4c4-9117fd87c7c5' wallHeight='304.8'>
  <environment groundColor='00A8A8A8' skyColor='00CCE4FC' lightColor='00D0D0D0'/>
  <observerCamera attribute='observerCamera' lens='PINHOLE' x='50.0' y='50.0' z='195.4' yaw='5.4977875' pitch='0.19634955' fieldOfView='1.0995575' time='1709812800000' fixedSize='true'/>
  <camera attribute='topCamera' lens='PINHOLE' x='1032.744' y='572.3648' z='643.9663' yaw='58.191463' pitch='0.6600014' fieldOfView='1.0995575' time='1709812800000'/>
  <level id='level-639ef367-c0ca-4985-b4c4-9117fd87c7c5' name='Ground Floor' elevation='25.4' floorThickness='22.86' height='304.8' elevationIndex='0'/>
  <level id='level-e42e0c6c-45b3-4aee-ba3e-116d33ccaee1' name='1st Floor' elevation='330.19998' floorThickness='22.86' height='304.8' elevationIndex='0' visible='false'/>
  <pieceOfFurniture level='level-639ef367-c0ca-4985-b4c4-9117fd87c7c5' name='10 Step' creator='Narasimha' model='1/10%20Step.obj' x='209.91032' y='795.80005' angle='3.1415927' width='228.59999' depth='76.2' height='152.4' modelSize='83675' movable='false'>
    <material name='back_back_12'>
      <texture name='Staircase Marbele' width='142.23999' height='94.44736' image='2'/>
    </material>
    <material name='bottom_bottom_8'>
      <texture name='Staircase Marbele' width='142.23999' height='94.44736' image='2'/>
    </material>
    <material name='front_front_13'>
      <texture name='Staircase Marbele' width='142.23999' height='94.44736' image='2'/>
    </material>
    <material name='ground_1' color='00000000'/>
    <material name='left_left_10'>
      <texture name='Staircase Marbele' width='142.23999' height='94.44736' image='2'/>
    </material>
    <material name='right_right_11'>
      <texture name='Staircase Marbele' width='142.23999' height='94.44736' image='2'/>
    </material>
    <material name='top_top_9'>
      <texture name='Staircase Marbele Line' width='142.23999' height='94.44736' image='3'/>
    </material>
  </pieceOfFurniture>
  <pieceOfFurniture level='level-639ef367-c0ca-4985-b4c4-9117fd87c7c5' name='1 Step' creator='Narasimha' model='5/1%20Step.obj' x='49.890327' y='835.9001' elevation='152.4' angle='1.5707966' width='152.4' depth='91.44' height='15.24' modelSize='69656' movable='false'>
    <material name='back_back_12'>
      <texture name='Staircase Marbele' width='142.23999' height='94.44736' image='2'/>
    </material>
    <material name='bottom_bottom_8'>
      <texture name='Staircase Marbele' width='142.23999' height='94.44736' image='2'/>
    </material>
    <material name='front_front_13'>
      <texture name='Staircase Marbele' width='142.23999' height='94.44736' image='2'/>
    </material>
    <material name='ground_1' color='00000000'/>
    <material name='left_left_10'>
      <texture name='Staircase Marbele' width='142.23999' height='94.44736' image='2'/>
    </material>
    <material name='right_right_11'>
      <texture name='Staircase Marbele' width='142.23999' height='94.44736' image='2'/>
    </material>
    <material name='top_top_9'>
      <texture name='Staircase Marbele' creator='Narasimha R' width='111.76' height='74.20864' image='2'/>
    </material>
  </pieceOfFurniture>
  <pieceOfFurniture level='level-639ef367-c0ca-4985-b4c4-9117fd87c7c5' name='10 Step' creator='Narasimha' model='1/10%20Step.obj' x='211.91032' y='874.00006' elevation='167.64' width='228.59999' depth='76.2' height='152.4' modelSize='83675' movable='false'>
    <material name='back_back_12'>
      <texture name='Staircase Marbele' width='142.23999' height='94.44736' image='2'/>
    </material>
    <material name='bottom_bottom_8'>
      <texture name='Staircase Marbele' width='142.23999' height='94.44736' image='2'/>
    </material>
    <material name='front_front_13'>
      <texture name='Staircase Marbele' width='142.23999' height='94.44736' image='2'/>
    </material>
    <material name='ground_1' color='00000000'/>
    <material name='left_left_10'>
      <texture name='Staircase Marbele' width='142.23999' height='94.44736' image='2'/>
    </material>
    <material name='right_right_11'>
      <texture name='Staircase Marbele' width='142.23999' height='94.44736' image='2'/>
    </material>
    <material name='top_top_9'>
      <texture name='Staircase Marbele Line' width='142.23999' height='94.44736' image='3'/>
    </material>
  </pieceOfFurniture>
  <pieceOfFurniture level='level-639ef367-c0ca-4985-b4c4-9117fd87c7c5' catalogId='eTeks#texturableBox' name='Box' creator='eTeks' model='7/texturableBox.obj' x='170.59229' y='707.59875' elevation='87.63' angle='1.5707964' width='60.642498' depth='60.642498' height='2.54' modelSize='1661'>
    <material name='back' color='FF030000'/>
    <material name='bottom' color='FF030000'/>
    <material name='front' color='FF030000'/>
    <material name='left' color='FF030000'/>
    <material name='right' color='FF030000'/>
    <material name='top'>
      <texture name='stove' width='60.96' height='60.96' image='8'/>
    </material>
  </pieceOfFurniture>
  <pieceOfFurniture level='level-639ef367-c0ca-4985-b4c4-9117fd87c7c5' name='Wodreop 2 Door' creator='Narasimha R' model='10/Wodreop%202%20Door.dae.obj' x='169.9225' y='707.28125' angle='3.1415925' width='51.435' depth='61.2775' height='86.36' modelSize='12533'>
    <material name='material'>
      <texture name='Kitchen Door 1' width='76.49308' height='82.8675' image='11'/>
    </material>
    <material name='material_1'>
      <texture name='Kitchen Marbel Top 5' creator='Narasimha R' width='50.8' height='38.1' image='12'/>
    </material>
    <material name='material_2'>
      <texture name='Kitchen Door 1' width='76.49308' height='82.8675' image='11'/>
    </material>
  </pieceOfFurniture>
  <pieceOfFurniture level='level-639ef367-c0ca-4985-b4c4-9117fd87c7c5' name='Wodreop 2 Door' creator='Narasimha R' model='10/Wodreop%202%20Door.dae.obj' x='235.01' y='707.2814' angle='3.1415925' width='78.74' depth='61.2775' height='86.36' modelSize='12533'>
    <material name='material'>
      <texture name='Kitchen Door 1' width='76.49308' height='82.8675' image='11'/>
    </material>
    <material name='material_1'>
      <texture name='Kitchen Marbel Top 5' creator='Narasimha R' width='50.8' height='38.1' image='12'/>
    </material>
    <material name='material_2'>
      <texture name='Kitchen Door 1' width='76.49308' height='82.8675' image='11'/>
    </material>
  </pieceOfFurniture>
  <pieceOfFurniture level='level-639ef367-c0ca-4985-b4c4-9117fd87c7c5' name='Bed 2' creator='Narasimah R' model='14/Bed%202.dae.obj' x='172.84' y='104.19002' angle='4.712389' width='175.26' depth='213.36' height='96.52' modelSize='115439'>
    <material name='material_1'>
      <texture name='Bedsheet 2' creator='Narasimha R' width='50.8' height='50.8' image='15'/>
    </material>
    <material name='material_2'>
      <texture name='Bedsheet 2' creator='Narasimha R' width='50.8' height='50.8' image='15'/>
    </material>
    <material name='material_3'>
      <texture name='Rug 2' creator='Narasimha R' width='81.28' height='36.73856' image='16'/>
    </material>
  </pieceOfFurniture>
  <pieceOfFurniture level='level-639ef367-c0ca-4985-b4c4-9117fd87c7c5' name='wardrobe' creator='Narasimah R' model='18/wardrobe.dae.obj' x='120.38888' y='297.63373' angle='3.1415927' width='106.68' depth='54.2925' height='182.88' modelFlags='2' modelSize='87334'>
    <material name='material_3'>
      <texture name='Wodrobe 4' creator='Narasimha R' width='114.3' height='228.59999' image='19'/>
    </material>
    <material name='material_3_0'>
      <texture name='Wodrobe 4' creator='Narasimha R' width='114.3' height='228.59999' image='19'/>
    </material>
  </pieceOfFurniture>
  <pieceOfFurniture level='level-639ef367-c0ca-4985-b4c4-9117fd87c7c5' name='Toilet' creator='Narasimah R' model='21/Toilet.dae.obj' x='521.29755' y='82.30357' angle='1.5707964' width='40.3225' depth='45.085' height='99.06' modelFlags='2' modelSize='300294'/>
  <pieceOfFurniture level='level-639ef367-c0ca-4985-b4c4-9117fd87c7c5' name='Toilet' creator='Narasimah R' model='21/Toilet.dae.obj' x='521.2975' y='240.30356' angle='1.5707964' width='40.3225' depth='45.085' height='99.06' modelFlags='2' modelSize='300294'/>
  <pieceOfFurniture level='level-639ef367-c0ca-4985-b4c4-9117fd87c7c5' name='Sofa Single' creator='Narasimah R' model='23/Sofa%20Single.dae.obj' x='377.85208' y='702.3596' angle='3.1415927' width='86.6775' depth='71.119995' height='86.994995' modelFlags='2' modelSize='49127'>
    <material name='Color_M00'>
      <texture name='Sofa Lather' width='30.48' height='45.992146' image='24'/>
    </material>
    <material name='material'>
      <texture name='Sofa Lather' width='30.48' height='45.992146' image='24'/>
    </material>
  </pieceOfFurniture>
  <pieceOfFurniture level='level-639ef367-c0ca-4985-b4c4-9117fd87c7c5' name='Sofa Single' creator='Narasimah R' model='23/Sofa%20Single.dae.obj' x='479.66602' y='375.58005' width='86.6775' depth='71.119995' height='86.994995' modelFlags='2' modelSize='49127'>
    <material name='Color_M00'>
      <texture name='Sofa Lather' width='30.48' height='45.992146' image='24'/>
    </material>
    <material name='material'>
      <texture name='Sofa Lather' width='30.48' height='45.992146' image='24'/>
    </material>
  </pieceOfFurniture>
  <pieceOfFurniture level='level-639ef367-c0ca-4985-b4c4-9117fd87c7c5' name='TV' creator='Narasimah R' model='26/TV.dae.obj' x='290.89' y='593.1442' elevation='73.659996' angle='4.712389' width='99.06' depth='2.54' height='61.594997' modelSize='13865'>
    <material name='Color_M09' color='FF757575'/>
    <material name='_Color_L03_'>
      <texture name='3D Nivas 2 small' creator='Narasimha R' width='81.28' height='60.689064' image='27'/>
    </material>
  </pieceOfFurniture>
  <pieceOfFurniture level='level-e42e0c6c-45b3-4aee-ba3e-116d33ccaee1' name='Bed 2' creator='Narasimah R' model='14/Bed%202.dae.obj' x='172.84' y='104.19002' angle='4.712389' width='175.26' depth='213.36' height='96.52' modelSize='115439'/>
  <pieceOfFurniture level='level-e42e0c6c-45b3-4aee-ba3e-116d33ccaee1' name='wardrobe' creator='Narasimah R' model='18/wardrobe.dae.obj' x='119.499985' y='297.63373' angle='3.1415927' width='106.68' depth='54.2925' height='182.88' modelFlags='2' modelSize='87334'>
    <material name='material_3'>
      <texture name='White laminate' width='121.92' height='243.84' image='28'/>
    </material>
    <material name='material_3_0'>
      <texture name='White laminate' width='121.92' height='243.84' image='28'/>
    </material>
  </pieceOfFurniture>
  <pieceOfFurniture level='level-e42e0c6c-45b3-4aee-ba3e-116d33ccaee1' name='wardrobe' creator='Narasimah R' model='18/wardrobe.dae.obj' x='167.34' y='297.63373' angle='3.1415927' width='106.68' depth='54.2925' height='182.88' modelFlags='2' modelSize='87334'>
    <material name='material_3'>
      <texture name='White laminate' width='121.92' height='243.84' image='28'/>
    </material>
    <material name='material_3_0'>
      <texture name='White laminate' width='121.92' height='243.84' image='28'/>
    </material>
  </pieceOfFurniture>
  <pieceOfFurniture level='level-e42e0c6c-45b3-4aee-ba3e-116d33ccaee1' name='Toilet' creator='Narasimah R' model='21/Toilet.dae.obj' x='521.29755' y='82.30357' angle='1.5707964' width='40.3225' depth='45.085' height='99.06' modelFlags='2' modelSize='300294'/>
  <pieceOfFurniture level='level-e42e0c6c-45b3-4aee-ba3e-116d33ccaee1' name='W M' creator='Narasimha' model='30/Washing%20Machine.dae.obj' x='513.36005' y='261.75314' angle='1.5707964' width='62.864998' depth='60.96' height='84.1375' modelSize='16727'/>
  <doorOrWindow level='level-639ef367-c0ca-4985-b4c4-9117fd87c7c5' name='2 window' creator='Narasimah R' model='32/2%20window.dae.obj' x='363.72' y='748.08' elevation='35.559998' angle='1.7484555E-7' width='91.44' depth='20.32075' height='177.8' modelSize='26469' movable='false' wallCutOutOnBothSides='true'>
    <material name='Color_B08' color='FFFFFFFF'/>
    <material name='material_1' color='FFFFFFFF'/>
  </doorOrWindow>
  <doorOrWindow level='level-e42e0c6c-45b3-4aee-ba3e-116d33ccaee1' name='3 Window' creator='Narasimah R' model='34/3%20Window.dae.obj' x='56.000004' y='130.90063' elevation='35.559998' angle='1.5707964' width='137.16' depth='20.32075' height='177.8' color='FFFFFFFF' modelSize='29228' movable='false' wallCutOutOnBothSides='true'/>
  <doorOrWindow level='level-e42e0c6c-45b3-4aee-ba3e-116d33ccaee1' name='Bathroom 2 window' creator='Narasimah R' model='36/Bathroom%202%20window.dae.obj' x='554.0' y='82.12' elevation='132.08' angle='4.712389' width='91.44' depth='20.32075' height='76.2' color='FFFFFFFF' modelSize='26877' movable='false' wallCutOutOnBothSides='true'/>
  <doorOrWindow level='level-e42e0c6c-45b3-4aee-ba3e-116d33ccaee1' name='Bathroom 2 window' creator='Narasimah R' model='36/Bathroom%202%20window.dae.obj' x='554.0' y='246.12' elevation='132.08' angle='4.712389' width='91.44' depth='20.32075' height='76.2' color='FFFFFFFF' modelSize='26877' movable='false' wallCutOutOnBothSides='true'/>
  <doorOrWindow level='level-e42e0c6c-45b3-4aee-ba3e-116d33ccaee1' name='Door Frame' creator='NARASIMHA R' model='38/Door%20Frame.dae.obj' x='402.55338' y='332.4' width='76.2' depth='15.240749' height='208.28' modelFlags='2' color='FFFFFFFF' modelSize='22906' movable='false' wallCutOutOnBothSides='true'/>
  <doorOrWindow level='level-e42e0c6c-45b3-4aee-ba3e-116d33ccaee1' name='Door Frame' creator='NARASIMHA R' model='38/Door%20Frame.dae.obj' x='342.0' y='95.56515' angle='1.5707964' width='76.2' depth='15.240749' height='208.28' modelFlags='2' color='FFFFFFFF' modelSize='22906' movable='false' wallCutOutOnBothSides='true'/>
  <doorOrWindow level='level-e42e0c6c-45b3-4aee-ba3e-116d33ccaee1' name='Door Frame' creator='NARASIMHA R' model='38/Door%20Frame.dae.obj' x='287.8867' y='332.4' width='91.44' depth='15.240749' height='208.28' modelFlags='2' color='FFFFFFFF' modelSize='22906' movable='false' wallCutOutOnBothSides='true'/>
  <pieceOfFurniture level='level-639ef367-c0ca-4985-b4c4-9117fd87c7c5' name='Carpet' creator='Narasimha R' model='40/Carpet.dae.obj' x='432.36328' y='522.9' angle='1.5707964' width='223.51999' widthInPlan='223.51997' depth='147.31999' depthInPlan='147.32' height='0.635' modelSize='1336'>
    <material name='material'>
      <texture name='Carpet 2' width='111.76' height='74.20864' image='41'/>
    </material>
  </pieceOfFurniture>
  <pieceOfFurniture level='level-639ef367-c0ca-4985-b4c4-9117fd87c7c5' name='Plant 1' creator='Narasimha R' model='43/Plant%206.dae.obj' x='574.0074' y='840.30853' angle='1.5707964' width='39.6875' depth='42.545' height='107.314995' modelFlags='2' modelSize='212462'/>
  <pieceOfFurniture level='level-639ef367-c0ca-4985-b4c4-9117fd87c7c5' name='Sofa 4' creator='Narasimah R' model='45/Sofa%204.dae.obj' x='508.2796' y='529.1017' angle='1.5707964' width='198.12' depth='71.119995' height='86.042496' modelSize='49943'>
    <material name='Color_M00'>
      <texture name='Sofa Lather' width='30.48' height='45.992146' image='24'/>
    </material>
    <material name='material'>
      <texture name='Sofa Lather' width='30.48' height='45.992146' image='24'/>
    </material>
  </pieceOfFurniture>
  <pieceOfFurniture level='level-e42e0c6c-45b3-4aee-ba3e-116d33ccaee1' name='Plant 1' creator='Narasimha R' model='43/Plant%206.dae.obj' x='520.6741' y='876.03625' angle='1.5707964' width='39.6875' depth='42.545' height='107.314995' modelFlags='2' modelSize='212462'/>
  <pieceOfFurniture level='level-e42e0c6c-45b3-4aee-ba3e-116d33ccaee1' name='Plant 1' creator='Narasimha R' model='43/Plant%206.dae.obj' x='91.34073' y='718.0763' angle='1.5707964' width='39.6875' depth='42.545' height='107.314995' modelFlags='2' modelSize='212462'/>
  <pieceOfFurniture level='level-e42e0c6c-45b3-4aee-ba3e-116d33ccaee1' catalogId='Scopia#doormat' name='Doormat' creator='Scopia' model='47/doormat.obj' x='312.78964' y='97.1481' angle='1.5707964' width='81.28' depth='43.18' depthInPlan='43.180004' height='0.9525' modelSize='69230'/>
  <pieceOfFurniture level='level-e42e0c6c-45b3-4aee-ba3e-116d33ccaee1' catalogId='Scopia#doormat' name='Doormat' creator='Scopia' model='47/doormat.obj' x='288.3463' y='362.88037' width='99.06' widthInPlan='99.05999' depth='45.72' depthInPlan='45.720005' height='0.9525' modelSize='69230'/>
  <pieceOfFurniture level='level-e42e0c6c-45b3-4aee-ba3e-116d33ccaee1' name='Railings' creator='Narasimah R' model='49/Railings.dae.obj' x='436.70032' y='907.924' width='220.97998' depth='5.08' height='111.759995' modelSize='4425'/>
  <pieceOfFurniture level='level-639ef367-c0ca-4985-b4c4-9117fd87c7c5' name='wardrobe' creator='Narasimah R' model='18/wardrobe.dae.obj' x='199.12888' y='297.63373' angle='3.1415927' width='50.8' depth='54.2925' height='182.88' modelFlags='2' modelSize='87334'>
    <material name='material_3'>
      <texture name='Wodrobe 4' creator='Narasimha R' width='114.3' height='228.59999' image='19'/>
    </material>
    <material name='material_3_0'>
      <texture name='Wodrobe 4' creator='Narasimha R' width='114.3' height='228.59999' image='19'/>
    </material>
  </pieceOfFurniture>
  <furnitureGroup level='level-639ef367-c0ca-4985-b4c4-9117fd87c7c5' name='Group -2-' x='301.04996' y='618.5642' angle='4.712389' width='167.64001' depth='22.859985' height='82.549995'>
    <pieceOfFurniture level='level-639ef367-c0ca-4985-b4c4-9117fd87c7c5' name='TV Stand' creator='Narasimah R' model='51/TV%20Stand.dae.obj' x='301.04996' y='618.5642' angle='4.712389' width='167.64' depth='22.86' height='50.8' modelSize='32976'>
      <material name='material_1'>
        <texture name='TV Stand 2' width='60.96' height='60.96' image='52'/>
      </material>
    </pieceOfFurniture>
    <pieceOfFurniture level='level-639ef367-c0ca-4985-b4c4-9117fd87c7c5' name='Plant 1' creator='Narasimha R' model='43/Plant%206.dae.obj' x='298.51' y='685.41815' elevation='50.799995' angle='1.5707964' width='15.24' widthInPlan='15.239998' depth='17.779999' height='31.75' heightInPlan='31.749998' modelFlags='2' modelSize='212462'>
      <material name='Color_C04'>
        <texture name='Pooja Room' creator='Narasimha R' width='81.28' height='54.186665' image='53'/>
      </material>
      <material name='Color_M08'>
        <texture name='Pot Texture Design' width='30.48' height='30.480001' image='54'/>
      </material>
    </pieceOfFurniture>
  </furnitureGroup>
  <pieceOfFurniture level='level-639ef367-c0ca-4985-b4c4-9117fd87c7c5' catalogId='Scopia#doormat' name='Doormat' creator='Scopia' model='47/doormat.obj' x='487.71182' y='781.1004' width='106.68' widthInPlan='106.680016' depth='45.72' depthInPlan='45.720005' height='0.9525' modelSize='69230'>
    <material name='doormat'>
      <texture name='Foot Mat' creator='Narasimha R' width='81.28' height='54.186665' image='55'/>
    </material>
  </pieceOfFurniture>
  <pieceOfFurniture level='level-639ef367-c0ca-4985-b4c4-9117fd87c7c5' catalogId='Scopia#doormat' name='Doormat' creator='Scopia' model='47/doormat.obj' x='319.13962' y='95.57346' angle='1.5707964' width='72.39' widthInPlan='72.390015' depth='30.48' depthInPlan='30.480005' height='0.9525' modelSize='69230'>
    <material name='doormat'>
      <texture name='Foot Mat 2' width='81.28' height='54.186665' image='55'/>
    </material>
  </pieceOfFurniture>
  <doorOrWindow level='level-639ef367-c0ca-4985-b4c4-9117fd87c7c5' name='1 White Window' creator='Narasimha R' model='57/1%20White%20Window.dae.obj' x='554.0' y='371.87183' elevation='35.559998' angle='4.712389' width='45.72' depth='20.32075' height='177.8' modelSize='9053' movable='false' wallCutOutOnBothSides='true'/>
  <doorOrWindow level='level-639ef367-c0ca-4985-b4c4-9117fd87c7c5' name='Door Frame' creator='Narasimha R' model='59/Door%20Frame.dae.obj' x='488.7756' y='748.08' angle='3.1415927' width='106.68' depth='20.32075' height='208.28' modelFlags='2' modelSize='27291' movable='false' wallCutOutOnBothSides='true'/>
  <doorOrWindow level='level-639ef367-c0ca-4985-b4c4-9117fd87c7c5' name='4 White Window' creator='Narasimha R' model='61/4%20White%20Window.dae.obj' x='554.0' y='535.4429' elevation='35.559998' angle='4.712389' width='167.64' depth='20.32075' height='177.8' modelSize='12721' movable='false' wallCutOutOnBothSides='true'/>
  <doorOrWindow level='level-639ef367-c0ca-4985-b4c4-9117fd87c7c5' name='3 White Window' creator='Narasimha R' model='63/3%20White%20Window.dae.obj' x='55.999996' y='154.34514' elevation='35.559998' angle='1.5707964' width='127.0' depth='20.32075' height='177.8' modelSize='9825' movable='false' wallCutOutOnBothSides='true'/>
  <doorOrWindow level='level-639ef367-c0ca-4985-b4c4-9117fd87c7c5' name='2 Bathrroom Window' model='65/2%20White%20Window.dae.obj' x='56.31268' y='535.5219' elevation='132.08' angle='1.5659945' width='86.36' depth='20.32075' height='76.2' modelSize='6709' movable='false' wallCutOutOnBothSides='true'/>
  <doorOrWindow level='level-639ef367-c0ca-4985-b4c4-9117fd87c7c5' name='2 Bathrroom Window' model='65/2%20White%20Window.dae.obj' x='56.730694' y='622.57544' elevation='132.08' angle='1.5659945' width='86.36' depth='20.32075' height='76.2' modelSize='6709' movable='false' wallCutOutOnBothSides='true'/>
  <doorOrWindow level='level-639ef367-c0ca-4985-b4c4-9117fd87c7c5' name='2 Bathrroom Window' creator='Narasimha R' model='65/2%20White%20Window.dae.obj' x='554.0' y='239.69183' elevation='137.16' angle='4.712389' width='86.36' depth='20.32075' height='76.2' modelSize='6709' movable='false' wallCutOutOnBothSides='true'/>
  <doorOrWindow level='level-639ef367-c0ca-4985-b4c4-9117fd87c7c5' name='2 Bathrroom Window' creator='Narasimha R' model='65/2%20White%20Window.dae.obj' x='554.0' y='76.136284' elevation='137.16' angle='4.712389' width='86.36' depth='20.32075' height='76.2' modelSize='6709' movable='false' wallCutOutOnBothSides='true'/>
  <doorOrWindow level='level-639ef367-c0ca-4985-b4c4-9117fd87c7c5' name='Door Frame' creator='Narasimha R' model='59/Door%20Frame.dae.obj' x='183.0' y='404.00958' angle='4.712389' width='91.44' depth='15.240749' height='208.28' modelFlags='2' modelSize='27291' movable='false' wallCutOutOnBothSides='true'/>
  <doorOrWindow level='level-639ef367-c0ca-4985-b4c4-9117fd87c7c5' name='Door Frame' creator='Narasimha R' model='59/Door%20Frame.dae.obj' x='281.66443' y='332.4' width='91.44' depth='15.240749' height='208.28' modelFlags='2' modelSize='27291' movable='false' wallCutOutOnBothSides='true'/>
  <doorOrWindow level='level-639ef367-c0ca-4985-b4c4-9117fd87c7c5' name='Door Frame' creator='Narasimha R' model='59/Door%20Frame.dae.obj' x='393.66443' y='332.4' width='76.2' depth='15.240749' height='208.28' modelFlags='2' modelSize='27291' movable='false' wallCutOutOnBothSides='true'/>
  <doorOrWindow level='level-639ef367-c0ca-4985-b4c4-9117fd87c7c5' name='Door Frame' creator='Narasimha R' model='59/Door%20Frame.dae.obj' x='342.0' y='94.676254' angle='1.5707964' width='76.2' depth='15.240749' height='208.28' modelFlags='2' modelSize='27291' movable='false' wallCutOutOnBothSides='true'/>
  <doorOrWindow level='level-639ef367-c0ca-4985-b4c4-9117fd87c7c5' name='Gate' creator='Narasimha R' model='67/Gate.dae.obj' x='395.57114' y='903.5' width='121.92' depth='15.240749' height='127.0' modelSize='20401' movable='false' wallCutOutOnBothSides='true'/>
  <doorOrWindow level='level-639ef367-c0ca-4985-b4c4-9117fd87c7c5' name='Gate' creator='Narasimha R' model='67/Gate.dae.obj' x='517.49115' y='903.5' width='121.92' depth='15.240749' height='127.0' modelSize='20401' movable='false' wallCutOutOnBothSides='true'/>
  <pieceOfFurniture level='level-639ef367-c0ca-4985-b4c4-9117fd87c7c5' catalogId='eTeks#texturableBox' name='Box' creator='eTeks' model='7/texturableBox.obj' x='81.39999' y='402.37555' angle='4.712389' width='101.6' depth='30.48' height='15.24' modelSize='1661'>
    <texture name='pooja room floor 1' creator='Narasimha R' width='81.28' height='54.186665' image='53'/>
  </pieceOfFurniture>
  <furnitureGroup level='level-639ef367-c0ca-4985-b4c4-9117fd87c7c5' name='Group -1-' x='421.7289' y='538.05853' elevation='0.6350002' angle='1.5707964' width='106.68005' depth='67.94498' height='81.91499'>
    <pieceOfFurniture level='level-639ef367-c0ca-4985-b4c4-9117fd87c7c5' name='Plant 1' creator='Narasimha R' model='43/Plant%206.dae.obj' x='423.84335' y='566.307' elevation='50.799995' angle='1.5707964' width='15.24' widthInPlan='15.239998' depth='17.779999' height='31.75' heightInPlan='31.749998' modelFlags='2' modelSize='212462'>
      <material name='Color_C04'>
        <texture name='Pooja Room' creator='Narasimha R' width='81.28' height='54.186665' image='53'/>
      </material>
      <material name='Color_M08'>
        <texture name='Pot Texture Design' width='30.48' height='30.480001' image='54'/>
      </material>
    </pieceOfFurniture>
    <pieceOfFurniture level='level-639ef367-c0ca-4985-b4c4-9117fd87c7c5' name='Magzin' creator='Narasimha R' model='69/Magzin.dae.obj' x='421.4694' y='524.2595' elevation='41.909996' angle='5.2359877' width='19.05' depth='27.939999' height='0.635' modelSize='11568'/>
    <pieceOfFurniture level='level-639ef367-c0ca-4985-b4c4-9117fd87c7c5' name='Coffee Table' creator='Narasimha R' model='71/Coffee%20Table.dae.obj' x='421.7289' y='538.05853' elevation='0.6350002' angle='1.5707964' width='106.68' depth='67.945' height='41.274998' modelSize='17481'/>
  </furnitureGroup>
  <pieceOfFurniture level='level-639ef367-c0ca-4985-b4c4-9117fd87c7c5' name='Wodreop 2 Door' creator='Narasimha R' model='73/Wodreop%202%20Door.dae.obj' x='97.78173' y='675.0149' angle='4.7075872' width='78.74' depth='61.2775' height='86.36' modelSize='28968'/>
  <pieceOfFurniture level='level-639ef367-c0ca-4985-b4c4-9117fd87c7c5' name='Wodreop 3part Door' creator='Narasimha R' model='75/Wodreop%203part%20Door.dae.obj' x='97.24489' y='596.27655' angle='4.7075872' width='78.74' depth='60.96' height='86.36' modelFlags='2' modelSize='46083'/>
  <pieceOfFurniture level='level-639ef367-c0ca-4985-b4c4-9117fd87c7c5' name='Kitchen Sink' model='77/Kitchen%20Sink.dae.obj' x='97.02555' y='517.5367' angle='4.7075872' width='78.74' depth='61.2775' height='103.505' modelSize='87955'/>
  <wall id='wall-a5db958e-28ad-4aa7-bd53-f6687b068c96' level='level-639ef367-c0ca-4985-b4c4-9117fd87c7c5' wallAtEnd='wall-6fcd142b-194f-4319-a626-eb9326c60ec9' xStart='56.0' yStart='470.4' xEnd='183.0' yEnd='470.4' height='121.92' thickness='15.24' pattern='foreground' topColor='FFFFFFFF'>
    <texture attribute='leftSideTexture' name='pooja room floor 1' creator='Narasimha R' width='81.28' height='54.186665' image='53'/>
    <texture attribute='rightSideTexture' name='Kitchen Tiles 1' creator='Narasimha R' width='50.8' height='58.5216' image='84'/>
  </wall>
  <wall id='wall-6fcd142b-194f-4319-a626-eb9326c60ec9' level='level-639ef367-c0ca-4985-b4c4-9117fd87c7c5' wallAtStart='wall-a5db958e-28ad-4aa7-bd53-f6687b068c96' xStart='183.0' yStart='470.4' xEnd='183.0' yEnd='332.4' height='121.92' thickness='15.24' pattern='foreground' topColor='FFFFFFFF' rightSideColor='FFF8F4F1'>
    <texture attribute='leftSideTexture' name='pooja room floor 1' creator='Narasimha R' width='81.28' height='54.186665' image='53'/>
  </wall>
  <wall id='wall-86052038-e541-4a9e-92f1-554118e8e73b' level='level-639ef367-c0ca-4985-b4c4-9117fd87c7c5' xStart='342.0' yStart='150.4' xEnd='554.0' yEnd='150.4' height='121.92' thickness='15.24' pattern='foreground' topColor='FFFFFFFF'>
    <texture attribute='leftSideTexture' name='Bathroom Tiles 3' creator='Narasimha R' width='111.76' height='111.759995' image='85'/>
    <texture attribute='rightSideTexture' name='Bathroom Tiles 3' creator='Narasimha R' width='111.76' height='111.759995' image='85'/>
  </wall>
  <wall id='wall-c8205487-5df7-4220-9a38-41af9f035436' level='level-639ef367-c0ca-4985-b4c4-9117fd87c7c5' wallAtStart='wall-e9fc5f51-c6f9-4da3-b741-8f8ecc6fb7e2' wallAtEnd='wall-f0e8e1c2-b65b-4935-90e8-809fe0bc8496' xStart='8.0' yStart='903.5' xEnd='8.0' yEnd='6.4000015' height='121.92' thickness='15.24' pattern='foreground' topColor='FFFFFFFF' leftSideColor='FFF5F0E8' rightSideColor='FFF5F0E8'/>
  <wall id='wall-e1eea47b-e79e-4a36-86b1-ae6cb7d41e80' level='level-639ef367-c0ca-4985-b4c4-9117fd87c7c5' wallAtStart='wall-947721e3-e1de-48cd-99f0-fa79eeeea860' wallAtEnd='wall-64bec783-70a5-40cd-a667-47ca340203c6' xStart='602.8999' yStart='6.399994' xEnd='602.8999' yEnd='903.5' height='121.92' thickness='15.24' pattern='foreground' topColor='FFFFFFFF' leftSideColor='FFF5F0E8' rightSideColor='FFF5F0E8'/>
  <wall id='wall-e9fc5f51-c6f9-4da3-b741-8f8ecc6fb7e2' level='level-639ef367-c0ca-4985-b4c4-9117fd87c7c5' wallAtStart='wall-c8205487-5df7-4220-9a38-41af9f035436' wallAtEnd='wall-64bec783-70a5-40cd-a667-47ca340203c6' xStart='8.0' yStart='903.5' xEnd='333.12' yEnd='903.5' height='121.92' thickness='15.24' pattern='foreground' topColor='FFFFFFFF' leftSideColor='FFF5F0E8' rightSideColor='FFF5F0E8'/>
  <wall id='wall-64bec783-70a5-40cd-a667-47ca340203c6' level='level-639ef367-c0ca-4985-b4c4-9117fd87c7c5' wallAtStart='wall-e9fc5f51-c6f9-4da3-b741-8f8ecc6fb7e2' wallAtEnd='wall-e1eea47b-e79e-4a36-86b1-ae6cb7d41e80' xStart='333.12' yStart='903.5' xEnd='602.8999' yEnd='903.5' height='121.92' thickness='15.24' pattern='foreground'/>
  <wall id='wall-f0e8e1c2-b65b-4935-90e8-809fe0bc8496' level='level-639ef367-c0ca-4985-b4c4-9117fd87c7c5' wallAtStart='wall-c8205487-5df7-4220-9a38-41af9f035436' wallAtEnd='wall-910fc309-3bb8-4f83-86c7-68231f9503bc' xStart='8.0' yStart='6.4000015' xEnd='65.33334' yEnd='6.4000006' height='121.92' thickness='20.32' pattern='foreground' topColor='FFFFFFFF' leftSideColor='FFF5F0E8' rightSideColor='FFF5F0E8'/>
  <wall id='wall-947721e3-e1de-48cd-99f0-fa79eeeea860' level='level-639ef367-c0ca-4985-b4c4-9117fd87c7c5' wallAtStart='wall-4ebd8bb7-6ea3-4f27-9423-236c0836669b' wallAtEnd='wall-e1eea47b-e79e-4a36-86b1-ae6cb7d41e80' xStart='555.3333' yStart='5.066651' xEnd='602.8999' yEnd='6.399994' height='121.92' thickness='20.32' pattern='foreground' topColor='FFFFFFFF' leftSideColor='FFF5F0E8' rightSideColor='FFF5F0E8'/>
  <wall id='wall-7bdd4a11-d8e4-49ac-b92b-4aa565065fa1' level='level-e42e0c6c-45b3-4aee-ba3e-116d33ccaee1' xStart='342.0' yStart='150.4' xEnd='554.0' yEnd='150.4' height='121.92' thickness='15.24' pattern='foreground' topColor='FFFFFFFF'>
    <texture attribute='leftSideTexture' name='Bathroom Tiles 1' creator='Narasimha R' width='81.28' height='81.28' image='86'/>
    <texture attribute='rightSideTexture' name='Bathroom Tiles 1' creator='Narasimha R' width='81.28' height='81.28' image='86'/>
  </wall>
  <wall id='wall-42633b15-27bc-4905-83bf-6be9a4f38e55' level='level-e42e0c6c-45b3-4aee-ba3e-116d33ccaee1' wallAtStart='wall-8f9290b4-e953-465a-a2fe-e767428dda87' wallAtEnd='wall-bd6d3aef-f2f4-49af-9ff8-927016a5b43c' xStart='324.1933' yStart='748.08' xEnd='56.0' yEnd='748.08' height='121.92' thickness='20.32' pattern='foreground' topColor='FFFFFFFF' leftSideColor='FFF5F0E8' rightSideColor='FFF5F0E8'/>
  <wall id='wall-f893c419-35d3-406a-b92d-86398abc24b7' level='level-e42e0c6c-45b3-4aee-ba3e-116d33ccaee1' wallAtEnd='wall-bff1d3b4-d914-4f76-ae0b-3e642bed7230' xStart='322.86' yStart='907.49994' xEnd='554.0' yEnd='907.49994' height='7.62' thickness='7.62' pattern='foreground' topColor='FFFFFFFF' leftSideColor='FFF5F0E8' rightSideColor='FFF5F0E8'/>
  <wall id='wall-8f9290b4-e953-465a-a2fe-e767428dda87' level='level-e42e0c6c-45b3-4aee-ba3e-116d33ccaee1' wallAtStart='wall-42633b15-27bc-4905-83bf-6be9a4f38e55' xStart='324.1933' yStart='748.08' xEnd='324.1933' yEnd='836.98004' height='121.92' thickness='15.24' pattern='foreground' topColor='FFFFFFFF' leftSideColor='FFF5F0E8' rightSideColor='FFF5F0E8'/>
  <wall id='wall-b762c970-b375-4958-8979-b2310bba6b5b' level='level-639ef367-c0ca-4985-b4c4-9117fd87c7c5' wallAtStart='wall-7a6f319e-d458-40b4-9feb-c2cffd709c56' wallAtEnd='wall-f8e15cea-0a08-4735-9d71-6702374404e9' xStart='554.0' yStart='748.08' xEnd='283.33334' yEnd='748.08' height='121.92' thickness='20.32' pattern='foreground' topColor='FFFFFFFF' leftSideColor='FFF5F0E8' rightSideColor='FFF8F4F1'/>
  <wall id='wall-f8e15cea-0a08-4735-9d71-6702374404e9' level='level-639ef367-c0ca-4985-b4c4-9117fd87c7c5' wallAtStart='wall-b762c970-b375-4958-8979-b2310bba6b5b' wallAtEnd='wall-fa9614db-1476-40ea-bfb1-57e832dd52a9' xStart='283.33334' yStart='748.08' xEnd='57.333344' yEnd='748.08' height='121.92' thickness='20.32' pattern='foreground' topColor='FFFFFFFF' leftSideColor='FFF5F0E8'>
    <texture attribute='rightSideTexture' name='Kitchen Tiles 1' creator='Narasimha R' width='50.8' height='58.5216' image='84'/>
  </wall>
  <wall id='wall-736892b9-0f12-4cef-801e-3570b58993dd' level='level-639ef367-c0ca-4985-b4c4-9117fd87c7c5' wallAtEnd='wall-09a86fa2-36e6-43bf-ad97-bce05ac2e298' xStart='56.0' yStart='6.4000015' xEnd='55.999985' yEnd='332.4' height='121.92' thickness='20.32' pattern='foreground' topColor='FFFFFFFF' leftSideColor='FFDCDCDC' rightSideColor='FFF5F0E8'/>
  <wall id='wall-7a6f319e-d458-40b4-9feb-c2cffd709c56' level='level-639ef367-c0ca-4985-b4c4-9117fd87c7c5' wallAtStart='wall-3136d9f9-75fe-4959-84d4-3e5d484259bf' wallAtEnd='wall-b762c970-b375-4958-8979-b2310bba6b5b' xStart='554.0' yStart='332.4' xEnd='554.0' yEnd='748.08' height='121.92' thickness='20.32' pattern='foreground' topColor='FFFFFFFF' leftSideColor='FFF5F0E8' rightSideColor='FFF8F4F1'/>
  <wall id='wall-910fc309-3bb8-4f83-86c7-68231f9503bc' level='level-639ef367-c0ca-4985-b4c4-9117fd87c7c5' wallAtStart='wall-f0e8e1c2-b65b-4935-90e8-809fe0bc8496' wallAtEnd='wall-4ebd8bb7-6ea3-4f27-9423-236c0836669b' xStart='65.33334' yStart='6.4000006' xEnd='343.3333' yEnd='5.066657' height='121.92' thickness='20.32' pattern='foreground' topColor='FFFFFFFF' leftSideColor='FFF5F0E8' rightSideColor='FFDCDCDC'/>
  <wall id='wall-4ebd8bb7-6ea3-4f27-9423-236c0836669b' level='level-639ef367-c0ca-4985-b4c4-9117fd87c7c5' wallAtStart='wall-910fc309-3bb8-4f83-86c7-68231f9503bc' wallAtEnd='wall-947721e3-e1de-48cd-99f0-fa79eeeea860' xStart='343.3333' yStart='5.066657' xEnd='555.3333' yEnd='5.066651' height='121.92' thickness='20.32' pattern='foreground' topColor='FFFFFFFF' leftSideColor='FFF5F0E8'>
    <texture attribute='rightSideTexture' name='Bathroom Tiles 3' creator='Narasimha R' width='111.76' height='111.759995' image='85'/>
  </wall>
  <wall id='wall-9f25b7fb-5ab2-4244-a8d6-9399ee05516e' level='level-639ef367-c0ca-4985-b4c4-9117fd87c7c5' wallAtEnd='wall-3136d9f9-75fe-4959-84d4-3e5d484259bf' xStart='554.0' yStart='6.4000015' xEnd='554.0' yEnd='150.4' height='121.92' thickness='20.32' pattern='foreground' topColor='FFFFFFFF' leftSideColor='FFF5F0E8'>
    <texture attribute='rightSideTexture' name='Bathroom Tiles 3' creator='Narasimha R' width='111.76' height='111.759995' image='85'/>
  </wall>
  <wall id='wall-3136d9f9-75fe-4959-84d4-3e5d484259bf' level='level-639ef367-c0ca-4985-b4c4-9117fd87c7c5' wallAtStart='wall-9f25b7fb-5ab2-4244-a8d6-9399ee05516e' wallAtEnd='wall-7a6f319e-d458-40b4-9feb-c2cffd709c56' xStart='554.0' yStart='150.4' xEnd='554.0' yEnd='332.4' height='121.92' thickness='20.32' pattern='foreground' topColor='FFFFFFFF' leftSideColor='FFF5F0E8'>
    <texture attribute='rightSideTexture' name='Bathroom Tiles 3' creator='Narasimha R' width='111.76' height='111.759995' image='85'/>
  </wall>
  <wall id='wall-09a86fa2-36e6-43bf-ad97-bce05ac2e298' level='level-639ef367-c0ca-4985-b4c4-9117fd87c7c5' wallAtStart='wall-736892b9-0f12-4cef-801e-3570b58993dd' wallAtEnd='wall-fa9614db-1476-40ea-bfb1-57e832dd52a9' xStart='55.999985' yStart='332.4' xEnd='55.999977' yEnd='470.4' height='121.92' thickness='20.32' pattern='foreground' topColor='FFFFFFFF' rightSideColor='FFF5F0E8'>
    <texture attribute='leftSideTexture' name='pooja room floor 1' creator='Narasimha R' width='81.28' height='54.186665' image='53'/>
  </wall>
  <wall id='wall-fa9614db-1476-40ea-bfb1-57e832dd52a9' level='level-639ef367-c0ca-4985-b4c4-9117fd87c7c5' wallAtStart='wall-f8e15cea-0a08-4735-9d71-6702374404e9' wallAtEnd='wall-09a86fa2-36e6-43bf-ad97-bce05ac2e298' xStart='57.333344' yStart='748.08' xEnd='55.999977' yEnd='470.4' height='121.92' thickness='20.32' pattern='foreground' topColor='FFFFFFFF' leftSideColor='FFF5F0E8'>
    <texture attribute='rightSideTexture' name='Kitchen Tiles 1' creator='Narasimha R' width='50.8' height='58.5216' image='84'/>
  </wall>
  <wall id='wall-0b87a148-8399-4074-aaed-0fa8d000ce49' level='level-639ef367-c0ca-4985-b4c4-9117fd87c7c5' wallAtEnd='wall-8c2e595d-6b0b-42b1-8cd3-5ac8ddfb3d32' xStart='282.0' yStart='531.6401' xEnd='282.0' yEnd='640.8601' height='121.92' thickness='15.24' pattern='foreground' topColor='FFFFFFFF'>
    <texture attribute='leftSideTexture' name='TV Wall Back' creator='Narasimha R' width='81.28' height='54.186665' image='88'/>
    <texture attribute='rightSideTexture' name='Kitchen Tiles 1' creator='Narasimha R' width='50.8' height='58.5216' image='84'/>
  </wall>
  <wall id='wall-8c2e595d-6b0b-42b1-8cd3-5ac8ddfb3d32' level='level-639ef367-c0ca-4985-b4c4-9117fd87c7c5' wallAtStart='wall-0b87a148-8399-4074-aaed-0fa8d000ce49' xStart='282.0' yStart='640.8601' xEnd='282.0' yEnd='750.0801' height='121.92' thickness='15.24' pattern='foreground' topColor='FFFFFFFF'>
    <texture attribute='leftSideTexture' name='TV Wall Back' creator='Narasimha R' width='81.28' height='54.186665' image='88'/>
    <texture attribute='rightSideTexture' name='Kitchen Tiles 1' creator='Narasimha R' width='50.8' height='58.5216' image='84'/>
  </wall>
  <wall id='wall-389eeddd-dedb-4cd9-ae77-30b022ce861d' level='level-639ef367-c0ca-4985-b4c4-9117fd87c7c5' wallAtStart='wall-6daa099d-a642-45e9-af91-6cca7bcb7906' xStart='343.3333' yStart='332.4' xEnd='554.0' yEnd='332.4' height='121.92' thickness='15.24' pattern='foreground' topColor='FFFFFFFF' rightSideColor='FFF8F4F1'>
    <texture attribute='leftSideTexture' name='Bathroom Tiles 3' creator='Narasimha R' width='111.76' height='111.759995' image='85'/>
  </wall>
  <wall id='wall-dfde7959-4d36-43f9-add2-7eb3d1ef64b2' level='level-639ef367-c0ca-4985-b4c4-9117fd87c7c5' wallAtEnd='wall-6daa099d-a642-45e9-af91-6cca7bcb7906' xStart='56.0' yStart='332.4' xEnd='183.0' yEnd='332.4' height='121.92' thickness='15.24' pattern='foreground' topColor='FFFFFFFF' leftSideColor='FFDCDCDC'>
    <texture attribute='rightSideTexture' name='pooja room floor 1' creator='Narasimha R' width='81.28' height='54.186665' image='53'/>
  </wall>
  <wall id='wall-6daa099d-a642-45e9-af91-6cca7bcb7906' level='level-639ef367-c0ca-4985-b4c4-9117fd87c7c5' wallAtStart='wall-dfde7959-4d36-43f9-add2-7eb3d1ef64b2' wallAtEnd='wall-389eeddd-dedb-4cd9-ae77-30b022ce861d' xStart='183.0' yStart='332.4' xEnd='343.3333' yEnd='332.4' height='121.92' thickness='15.24' pattern='foreground' topColor='FFFFFFFF' leftSideColor='FFDCDCDC' rightSideColor='FFF8F4F1'/>
  <wall id='wall-6d6ec6ea-dd1e-4e75-a942-fdc9c9a9fcd5' level='level-639ef367-c0ca-4985-b4c4-9117fd87c7c5' wallAtEnd='wall-b8b60f32-1b05-496e-aff7-88dd6be5691f' xStart='342.0' yStart='332.4' xEnd='342.0' yEnd='150.4' height='121.92' thickness='15.24' pattern='foreground' topColor='FFFFFFFF'>
    <texture attribute='leftSideTexture' name='wallpaper 2' creator='Narasimha R' width='111.76' height='111.759995' image='87'/>
    <texture attribute='rightSideTexture' name='Bathroom Tiles 3' creator='Narasimha R' width='111.76' height='111.759995' image='85'/>
  </wall>
  <wall id='wall-b8b60f32-1b05-496e-aff7-88dd6be5691f' level='level-639ef367-c0ca-4985-b4c4-9117fd87c7c5' wallAtStart='wall-6d6ec6ea-dd1e-4e75-a942-fdc9c9a9fcd5' xStart='342.0' yStart='150.4' xEnd='342.0' yEnd='6.4000015' height='121.92' thickness='15.24' pattern='foreground' topColor='FFFFFFFF'>
    <texture attribute='leftSideTexture' name='wallpaper 2' creator='Narasimha R' width='111.76' height='111.759995' image='87'/>
    <texture attribute='rightSideTexture' name='Bathroom Tiles 3' creator='Narasimha R' width='111.76' height='111.759995' image='85'/>
  </wall>
  <wall id='wall-6fe822ac-1ab2-44ce-b63d-2658273b573a' level='level-e42e0c6c-45b3-4aee-ba3e-116d33ccaee1' wallAtStart='wall-8f522d9b-14dd-4516-99c3-c1cd6650bf52' wallAtEnd='wall-2dfe3b3d-a226-4c22-a0a6-04ed2fbb5da9' xStart='56.0' yStart='6.399994' xEnd='343.3333' yEnd='6.4000006' height='121.92' thickness='20.32' pattern='foreground' topColor='FFFFFFFF' leftSideColor='FFF5F0E8'>
    <texture attribute='rightSideTexture' name='wallpaper 2' creator='Narasimha R' width='111.76' height='111.759995' image='87'/>
  </wall>
  <wall id='wall-2dfe3b3d-a226-4c22-a0a6-04ed2fbb5da9' level='level-e42e0c6c-45b3-4aee-ba3e-116d33ccaee1' wallAtStart='wall-6fe822ac-1ab2-44ce-b63d-2658273b573a' wallAtEnd='wall-fcb3e384-a690-4916-985c-1a6bf3c99138' xStart='343.3333' yStart='6.4000006' xEnd='554.0' yEnd='6.3999944' height='121.92' thickness='20.32' pattern='foreground' topColor='FFFFFFFF' leftSideColor='FFF5F0E8'>
    <texture attribute='rightSideTexture' name='Bathroom Tiles 1' creator='Narasimha R' width='81.28' height='81.28' image='86'/>
  </wall>
  <wall id='wall-b3182cac-3277-4776-9a04-492e9ac1a072' level='level-e42e0c6c-45b3-4aee-ba3e-116d33ccaee1' wallAtEnd='wall-9d2620bb-6dc4-4f32-8f54-6a6bbfa6c65a' xStart='342.0' yStart='332.4' xEnd='342.0' yEnd='150.4' height='121.92' thickness='15.24' pattern='foreground' topColor='FFFFFFFF' leftSideColor='FFDCDCDC'>
    <texture attribute='rightSideTexture' name='Bathroom Tiles 1' creator='Narasimha R' width='81.28' height='81.28' image='86'/>
  </wall>
  <wall id='wall-9d2620bb-6dc4-4f32-8f54-6a6bbfa6c65a' level='level-e42e0c6c-45b3-4aee-ba3e-116d33ccaee1' wallAtStart='wall-b3182cac-3277-4776-9a04-492e9ac1a072' xStart='342.0' yStart='150.4' xEnd='342.0' yEnd='6.4000015' height='121.92' thickness='15.24' pattern='foreground' topColor='FFFFFFFF' leftSideColor='FFDCDCDC'>
    <texture attribute='rightSideTexture' name='Bathroom Tiles 1' creator='Narasimha R' width='81.28' height='81.28' image='86'/>
  </wall>
  <wall id='wall-fcb3e384-a690-4916-985c-1a6bf3c99138' level='level-e42e0c6c-45b3-4aee-ba3e-116d33ccaee1' wallAtStart='wall-2dfe3b3d-a226-4c22-a0a6-04ed2fbb5da9' wallAtEnd='wall-46e96f2a-bf12-46c7-a405-fb0d91183be0' xStart='554.0' yStart='6.3999944' xEnd='554.0' yEnd='150.4' height='121.92' thickness='20.32' pattern='foreground' topColor='FFFFFFFF' leftSideColor='FFF5F0E8'>
    <texture attribute='rightSideTexture' name='Bathroom Tiles 1' creator='Narasimha R' width='81.28' height='81.28' image='86'/>
  </wall>
  <wall id='wall-46e96f2a-bf12-46c7-a405-fb0d91183be0' level='level-e42e0c6c-45b3-4aee-ba3e-116d33ccaee1' wallAtStart='wall-fcb3e384-a690-4916-985c-1a6bf3c99138' wallAtEnd='wall-bff1d3b4-d914-4f76-ae0b-3e642bed7230' xStart='554.0' yStart='150.4' xEnd='554.0' yEnd='332.4' height='121.92' thickness='20.32' pattern='foreground' topColor='FFFFFFFF' leftSideColor='FFF5F0E8'>
    <texture attribute='rightSideTexture' name='Bathroom Tiles 1' creator='Narasimha R' width='81.28' height='81.28' image='86'/>
  </wall>
  <wall id='wall-bff1d3b4-d914-4f76-ae0b-3e642bed7230' level='level-e42e0c6c-45b3-4aee-ba3e-116d33ccaee1' wallAtStart='wall-46e96f2a-bf12-46c7-a405-fb0d91183be0' wallAtEnd='wall-f893c419-35d3-406a-b92d-86398abc24b7' xStart='554.0' yStart='332.4' xEnd='554.0' yEnd='907.49994' height='121.92' thickness='20.32' pattern='foreground' topColor='FFFFFFFF' leftSideColor='FFF5F0E8' rightSideColor='FFF5F0E8'/>
  <wall id='wall-8f522d9b-14dd-4516-99c3-c1cd6650bf52' level='level-e42e0c6c-45b3-4aee-ba3e-116d33ccaee1' wallAtStart='wall-6fe822ac-1ab2-44ce-b63d-2658273b573a' wallAtEnd='wall-bd6d3aef-f2f4-49af-9ff8-927016a5b43c' xStart='56.0' yStart='6.399994' xEnd='55.999985' yEnd='332.4' height='121.92' thickness='20.32' pattern='foreground' topColor='FFFFFFFF' leftSideColor='FFDCDCDC' rightSideColor='FFF5F0E8'/>
  <wall id='wall-bd6d3aef-f2f4-49af-9ff8-927016a5b43c' level='level-e42e0c6c-45b3-4aee-ba3e-116d33ccaee1' wallAtStart='wall-8f522d9b-14dd-4516-99c3-c1cd6650bf52' wallAtEnd='wall-42633b15-27bc-4905-83bf-6be9a4f38e55' xStart='55.999985' yStart='332.4' xEnd='56.0' yEnd='748.08' height='121.92' thickness='20.32' pattern='foreground' topColor='FFFFFFFF' leftSideColor='FFF5F0E8' rightSideColor='FFF5F0E8'/>
  <wall id='wall-cdd2f9a6-2dd8-4d00-9a1f-186880a0382d' level='level-e42e0c6c-45b3-4aee-ba3e-116d33ccaee1' wallAtEnd='wall-35d43d4b-c6a8-40f6-953f-9bfdd684643c' xStart='56.0' yStart='332.4' xEnd='343.3333' yEnd='332.4' height='121.92' thickness='15.24' pattern='foreground' topColor='FFFFFFFF' leftSideColor='FFDCDCDC' rightSideColor='FFF5F0E8'/>
  <wall id='wall-35d43d4b-c6a8-40f6-953f-9bfdd684643c' level='level-e42e0c6c-45b3-4aee-ba3e-116d33ccaee1' wallAtStart='wall-cdd2f9a6-2dd8-4d00-9a1f-186880a0382d' xStart='343.3333' yStart='332.4' xEnd='554.0' yEnd='332.4' height='121.92' thickness='15.24' pattern='foreground' topColor='FFFFFFFF' rightSideColor='FFF5F0E8'>
    <texture attribute='leftSideTexture' name='Bathroom Tiles 1' creator='Narasimha R' width='81.28' height='81.28' image='86'/>
  </wall>
  <room id='room-8a9ca4ed-ca02-4355-8e20-90450ad26277' level='level-639ef367-c0ca-4985-b4c4-9117fd87c7c5' ceilingVisible='false' ceilingFlat='true'>
    <texture attribute='floorTexture' name='Wood Floor 1' creator='Narasimha R' width='60.96' height='40.64' image='78'/>
    <point x='232.68457' y='328.4973'/>
    <point x='232.68457' y='340.02'/>
    <point x='190.62' y='340.02'/>
    <point x='190.62' y='357.22293'/>
    <point x='182.97507' y='357.22293'/>
    <point x='182.97507' y='449.2629'/>
    <point x='190.62' y='449.2629'/>
    <point x='190.62' y='478.02'/>
    <point x='66.15998' y='478.02'/>
    <point x='66.159966' y='737.9201'/>
    <point x='274.38' y='737.9201'/>
    <point x='274.38' y='568.4'/>
    <point x='289.62' y='568.4'/>
    <point x='289.62' y='737.9201'/>
    <point x='423.66806' y='737.92004'/>
    <point x='423.66806' y='742.0149'/>
    <point x='531.6586' y='742.0149'/>
    <point x='531.6586' y='737.92004'/>
    <point x='543.83997' y='737.92004'/>
    <point x='543.84' y='340.02'/>
    <point x='431.7409' y='340.02'/>
    <point x='431.7409' y='328.4973'/>
    <point x='355.20953' y='328.4973'/>
    <point x='355.20956' y='340.02'/>
    <point x='324.52222' y='340.02'/>
    <point x='324.52222' y='328.49734'/>
  </room>
  <room id='room-ee4ecd35-dfcb-452f-b795-f784faccd19d' level='level-639ef367-c0ca-4985-b4c4-9117fd87c7c5' ceilingVisible='false' ceilingFlat='true'>
    <texture attribute='floorTexture' name='pooja room floor 1' creator='Narasimha R' width='81.28' height='54.186665' image='53'/>
    <point x='66.15999' y='340.02'/>
    <point x='66.15998' y='462.78'/>
    <point x='175.38' y='462.78'/>
    <point x='175.38' y='449.2629'/>
    <point x='183.02505' y='449.2629'/>
    <point x='183.02505' y='357.22293'/>
    <point x='175.38' y='357.22293'/>
    <point x='175.38' y='340.02'/>
  </room>
  <room id='room-fbb272e5-a3a1-4d07-9917-69005e09f556' level='level-639ef367-c0ca-4985-b4c4-9117fd87c7c5' ceilingVisible='false' ceilingFlat='true'>
    <texture attribute='floorTexture' name='Wood Floor 9' creator='Narasimha R' width='60.96' height='40.64' image='78'/>
    <point x='66.16' y='16.560001'/>
    <point x='66.15999' y='324.78'/>
    <point x='232.27254' y='324.78'/>
    <point x='232.27254' y='328.5473'/>
    <point x='324.93423' y='328.54733'/>
    <point x='324.93423' y='324.78'/>
    <point x='334.38' y='324.78'/>
    <point x='334.38' y='136.14098'/>
    <point x='345.89996' y='136.14098'/>
    <point x='345.9' y='59.609512'/>
    <point x='334.38' y='59.609512'/>
    <point x='334.38' y='16.560001'/>
  </room>
  <room id='room-b1725bd4-fbc7-4bd4-9729-ae33355e8ed0' level='level-639ef367-c0ca-4985-b4c4-9117fd87c7c5' ceilingVisible='false' ceilingFlat='true'>
    <texture attribute='floorTexture' name='Bathroom Floor 2' creator='Narasimha R' width='81.28' height='53.96992' image='79'/>
    <point x='349.62' y='158.01999'/>
    <point x='349.62' y='324.78'/>
    <point x='354.8662' y='324.78'/>
    <point x='354.86618' y='328.5473'/>
    <point x='432.08426' y='328.5473'/>
    <point x='432.08426' y='324.78'/>
    <point x='543.84' y='324.78'/>
    <point x='543.84' y='158.01999'/>
  </room>
  <room id='room-970491d9-d4b7-4210-9023-3cbabc9ba8a8' level='level-639ef367-c0ca-4985-b4c4-9117fd87c7c5' ceilingVisible='false' ceilingFlat='true'>
    <texture attribute='floorTexture' name='Bathroom Floor 2' creator='Narasimha R' width='81.28' height='53.96992' image='79'/>
    <point x='349.62' y='16.560001'/>
    <point x='349.62' y='59.266563'/>
    <point x='345.85' y='59.266563'/>
    <point x='345.84998' y='136.48393'/>
    <point x='349.62' y='136.48393'/>
    <point x='349.62' y='142.78'/>
    <point x='543.84' y='142.78'/>
    <point x='543.84' y='16.560001'/>
  </room>
  <room id='room-4ebedf28-59c3-4654-80e8-775fef4c7b68' level='level-639ef367-c0ca-4985-b4c4-9117fd87c7c5' ceilingVisible='false' ceilingFlat='true'>
    <texture attribute='floorTexture' name='Parking Floor 1' creator='Narasimha R' width='91.44' height='91.439995' image='80'/>
    <point x='564.16' y='16.559998'/>
    <point x='564.16' y='758.24'/>
    <point x='535.1642' y='758.24'/>
    <point x='535.1642' y='741.6374'/>
    <point x='428.16248' y='741.6374'/>
    <point x='428.16248' y='758.24'/>
    <point x='45.839996' y='758.24'/>
    <point x='45.839996' y='16.559998'/>
    <point x='15.619995' y='16.559998'/>
    <point x='15.619995' y='895.88'/>
    <point x='343.68' y='895.88'/>
    <point x='343.68' y='903.525'/>
    <point x='588.32' y='903.525'/>
    <point x='588.32' y='895.88'/>
    <point x='595.2799' y='895.88'/>
    <point x='595.2799' y='16.559998'/>
  </room>
  <room id='room-354a84f5-c5d0-420c-94f3-1859852263b1' level='level-e42e0c6c-45b3-4aee-ba3e-116d33ccaee1' ceilingVisible='false' ceilingFlat='true'>
    <texture attribute='floorTexture' name='Marbel for Living Hall' creator='Narasimha R' width='81.28' height='40.64' image='81'/>
    <point x='66.16' y='16.560001'/>
    <point x='66.15999' y='324.78'/>
    <point x='232.27254' y='324.78'/>
    <point x='232.27254' y='328.5473'/>
    <point x='324.93423' y='328.54733'/>
    <point x='324.93423' y='324.78'/>
    <point x='334.38' y='324.78'/>
    <point x='334.38' y='136.14098'/>
    <point x='345.89996' y='136.14098'/>
    <point x='345.9' y='59.609512'/>
    <point x='334.38' y='59.609512'/>
    <point x='334.38' y='16.560001'/>
  </room>
  <room id='room-c84f13c1-86e8-4a88-9074-7575033fcb92' level='level-e42e0c6c-45b3-4aee-ba3e-116d33ccaee1' ceilingVisible='false' ceilingFlat='true'>
    <texture attribute='floorTexture' name='Bathroom Floor 7' creator='Narasimha R' width='111.76' height='74.20864' image='82'/>
    <point x='349.62' y='158.01999'/>
    <point x='349.62' y='324.78'/>
    <point x='354.8662' y='324.78'/>
    <point x='354.86618' y='328.5473'/>
    <point x='432.08426' y='328.5473'/>
    <point x='432.08426' y='324.78'/>
    <point x='543.84' y='324.78'/>
    <point x='543.84' y='158.01999'/>
  </room>
  <room id='room-9a4b4acb-0c16-424f-90cc-0809e158d8ee' level='level-e42e0c6c-45b3-4aee-ba3e-116d33ccaee1' ceilingVisible='false' ceilingFlat='true'>
    <texture attribute='floorTexture' name='Bathroom Floor 7' creator='Narasimha R' width='111.76' height='74.20864' image='82'/>
    <point x='349.62' y='16.560001'/>
    <point x='349.62' y='59.266563'/>
    <point x='345.85' y='59.266563'/>
    <point x='345.84998' y='136.48393'/>
    <point x='349.62' y='136.48393'/>
    <point x='349.62' y='142.78'/>
    <point x='543.84' y='142.78'/>
    <point x='543.84' y='16.560001'/>
  </room>
  <room id='room-fbdcf484-1e62-4746-936b-1749c56608a0' level='level-e42e0c6c-45b3-4aee-ba3e-116d33ccaee1' ceilingVisible='false' ceilingFlat='true'>
    <texture attribute='floorTexture' name='Gray medium thick carpeting' creator='Scopia' width='50.0' height='50.0' image='83'/>
    <point x='66.16' y='340.02'/>
    <point x='543.84' y='340.02'/>
    <point x='543.84' y='903.68994'/>
    <point x='322.86' y='903.68994'/>
    <point x='322.86' y='737.92004'/>
    <point x='66.16' y='737.92004'/>
  </room>
  <dimensionLine id='dimensionLine-5436c1ba-2913-4c42-bb36-ba352a4f742e' level='level-639ef367-c0ca-4985-b4c4-9117fd87c7c5' xStart='66.16' yStart='196.55984' xEnd='335.4' yEnd='196.55983' offset='11.666853' visibleIn3D='true'>
    <textStyle attribute='lengthStyle' fontSize='18.0'/>
  </dimensionLine>
  <dimensionLine id='dimensionLine-0b91122e-10dd-4a4f-a287-0bfcc566f456' level='level-639ef367-c0ca-4985-b4c4-9117fd87c7c5' xStart='334.38' yStart='324.78' xEnd='334.38' yEnd='17.440002' offset='-10.880005' visibleIn3D='true'>
    <textStyle attribute='lengthStyle' fontSize='18.0'/>
  </dimensionLine>
  <dimensionLine id='dimensionLine-de35580a-d710-4a66-bf7a-5cb9a46a8312' level='level-639ef367-c0ca-4985-b4c4-9117fd87c7c5' xStart='66.16' yStart='462.78' xEnd='66.16' yEnd='340.86' offset='14.67334' visibleIn3D='true'>
    <textStyle attribute='lengthStyle' fontSize='18.0'/>
  </dimensionLine>
  <dimensionLine id='dimensionLine-be1ebda8-fd76-4e2c-a349-a6792969e370' level='level-639ef367-c0ca-4985-b4c4-9117fd87c7c5' xStart='66.16' yStart='340.02' xEnd='175.38' yEnd='340.02' offset='16.206879' visibleIn3D='true'>
    <textStyle attribute='lengthStyle' fontSize='18.0'/>
  </dimensionLine>
  <dimensionLine id='dimensionLine-5bf5997a-eb29-4e86-ad34-3b5ac51c2249' level='level-639ef367-c0ca-4985-b4c4-9117fd87c7c5' xStart='66.16' yStart='672.5877' xEnd='274.44' yEnd='672.5877' offset='-5.6931763' visibleIn3D='true'>
    <textStyle attribute='lengthStyle' fontSize='18.0'/>
  </dimensionLine>
  <dimensionLine id='dimensionLine-56da0d15-1b61-4a6d-ae2f-25f7f25984d7' level='level-639ef367-c0ca-4985-b4c4-9117fd87c7c5' xStart='131.49344' yStart='737.92004' xEnd='131.49344' yEnd='478.84006' offset='5.326538' visibleIn3D='true'>
    <textStyle attribute='lengthStyle' fontSize='18.0'/>
  </dimensionLine>
  <dimensionLine id='dimensionLine-158fc688-c690-4788-b19e-9a8419f43f2e' level='level-639ef367-c0ca-4985-b4c4-9117fd87c7c5' xStart='349.62' yStart='16.559998' xEnd='542.66' yEnd='16.559994' offset='13.000185' visibleIn3D='true'>
    <textStyle attribute='lengthStyle' fontSize='18.0'/>
  </dimensionLine>
  <dimensionLine id='dimensionLine-866eabe3-c66a-42de-a09c-18513c52ea52' level='level-639ef367-c0ca-4985-b4c4-9117fd87c7c5' xStart='409.62045' yStart='142.78' xEnd='409.62045' yEnd='15.779999' offset='12.533234' visibleIn3D='true'>
    <textStyle attribute='lengthStyle' fontSize='18.0'/>
  </dimensionLine>
  <dimensionLine id='dimensionLine-0b535d90-d1c5-48e5-90ed-dcc4a8b5d005' level='level-639ef367-c0ca-4985-b4c4-9117fd87c7c5' xStart='349.62' yStart='324.78' xEnd='542.66' yEnd='324.78' offset='-11.219818' visibleIn3D='true'>
    <textStyle attribute='lengthStyle' fontSize='18.0'/>
  </dimensionLine>
  <dimensionLine id='dimensionLine-09a8b531-323d-4d77-a289-714241ed7eed' level='level-639ef367-c0ca-4985-b4c4-9117fd87c7c5' xStart='349.62' yStart='324.78' xEnd='349.62' yEnd='157.14' offset='12.533234' visibleIn3D='true'>
    <textStyle attribute='lengthStyle' fontSize='18.0'/>
  </dimensionLine>
  <dimensionLine id='dimensionLine-5f3f3149-f04b-482b-8365-e2703805b558' level='level-639ef367-c0ca-4985-b4c4-9117fd87c7c5' xStart='190.62' yStart='340.02' xEnd='543.68' yEnd='340.02' offset='12.206879' visibleIn3D='true'>
    <textStyle attribute='lengthStyle' fontSize='18.0'/>
  </dimensionLine>
  <dimensionLine id='dimensionLine-ed15e6ec-a2dc-4aac-9622-273d2cb4c33b' level='level-639ef367-c0ca-4985-b4c4-9117fd87c7c5' xStart='443.83997' yStart='737.92004' xEnd='443.83997' yEnd='339.14005' offset='-7.0200806' visibleIn3D='true'>
    <textStyle attribute='lengthStyle' fontSize='18.0'/>
  </dimensionLine>
  <dimensionLine id='dimensionLine-2a3cba95-6028-42db-846d-f9dd2a2a872d' level='level-639ef367-c0ca-4985-b4c4-9117fd87c7c5' xStart='324.21033' yStart='833.9' xEnd='324.21033' yEnd='757.7' offset='5.9429016' visibleIn3D='true'>
    <textStyle attribute='lengthStyle' fontSize='18.0'/>
  </dimensionLine>
  <dimensionLine id='dimensionLine-e027cc28-fc97-4077-b0cc-7fbad194140c' level='level-639ef367-c0ca-4985-b4c4-9117fd87c7c5' xStart='327.48654' yStart='897.5599' xEnd='594.1865' yEnd='897.5599' offset='-16.0' visibleIn3D='true'>
    <textStyle attribute='lengthStyle' fontSize='18.0'/>
  </dimensionLine>
  <dimensionLine id='dimensionLine-5c3f40e7-f4ff-4797-ad62-aeb4a30a7790' level='level-639ef367-c0ca-4985-b4c4-9117fd87c7c5' xStart='564.16' yStart='395.14374' xEnd='594.63995' yEnd='395.14374' offset='-12.25' visibleIn3D='true'>
    <textStyle attribute='lengthStyle' fontSize='18.0'/>
  </dimensionLine>
  <dimensionLine id='dimensionLine-a5e6695f-46d4-408a-8758-a9ca83cf8211' level='level-639ef367-c0ca-4985-b4c4-9117fd87c7c5' xStart='15.62' yStart='391.14352' xEnd='46.1' yEnd='391.14352' offset='-9.583313' visibleIn3D='true'>
    <textStyle attribute='lengthStyle' fontSize='18.0'/>
  </dimensionLine>
  <dimensionLine id='dimensionLine-bced3935-33af-451b-ad96-e66b4447feaf' level='level-e42e0c6c-45b3-4aee-ba3e-116d33ccaee1' xStart='66.16' yStart='191.22652' xEnd='335.4' yEnd='191.22652' offset='9.000184' visibleIn3D='true'>
    <textStyle attribute='lengthStyle' fontSize='18.0'/>
  </dimensionLine>
  <dimensionLine id='dimensionLine-44fc141c-0668-4448-8db6-0d0aab8d161b' level='level-e42e0c6c-45b3-4aee-ba3e-116d33ccaee1' xStart='334.38' yStart='324.78' xEnd='334.38' yEnd='17.440002' offset='-10.880005' visibleIn3D='true'>
    <textStyle attribute='lengthStyle' fontSize='18.0'/>
  </dimensionLine>
  <dimensionLine id='dimensionLine-7fbf28a3-e826-4536-b9d5-5f9ab2673732' level='level-e42e0c6c-45b3-4aee-ba3e-116d33ccaee1' xStart='349.62' yStart='324.78' xEnd='349.62' yEnd='157.14' offset='12.533234' visibleIn3D='true'>
    <textStyle attribute='lengthStyle' fontSize='18.0'/>
  </dimensionLine>
  <dimensionLine id='dimensionLine-1535a803-cb38-4bb2-a88e-40c6c1a69676' level='level-e42e0c6c-45b3-4aee-ba3e-116d33ccaee1' xStart='349.62' yStart='324.78' xEnd='542.66' yEnd='324.78' offset='-11.219818' visibleIn3D='true'>
    <textStyle attribute='lengthStyle' fontSize='18.0'/>
  </dimensionLine>
  <dimensionLine id='dimensionLine-2cfa6fd6-1a1e-4063-be2a-05167d87ee42' level='level-e42e0c6c-45b3-4aee-ba3e-116d33ccaee1' xStart='409.62045' yStart='142.78' xEnd='409.62045' yEnd='15.779999' offset='12.533234' visibleIn3D='true'>
    <textStyle attribute='lengthStyle' fontSize='18.0'/>
  </dimensionLine>
  <dimensionLine id='dimensionLine-c9d4f0e6-1ccf-4669-84c9-daf7701f4245' level='level-e42e0c6c-45b3-4aee-ba3e-116d33ccaee1' xStart='349.62' yStart='16.559998' xEnd='542.66' yEnd='16.559994' offset='13.000185' visibleIn3D='true'>
    <textStyle attribute='lengthStyle' fontSize='18.0'/>
  </dimensionLine>
  <dimensionLine id='dimensionLine-ad4ed784-1d4f-4c12-adbd-a4514d613598' level='level-e42e0c6c-45b3-4aee-ba3e-116d33ccaee1' xStart='66.16' yStart='737.92004' xEnd='66.16' yEnd='339.14005' offset='13.326538' visibleIn3D='true'>
    <textStyle attribute='lengthStyle' fontSize='18.0'/>
  </dimensionLine>
  <dimensionLine id='dimensionLine-87b21833-c93d-4fd2-b1fb-90d8e1f5e320' level='level-e42e0c6c-45b3-4aee-ba3e-116d33ccaee1' xStart='66.16' yStart='340.02' xEnd='543.68' yEnd='340.02' offset='17.540192' visibleIn3D='true'>
    <textStyle attribute='lengthStyle' fontSize='18.0'/>
  </dimensionLine>
  <dimensionLine id='dimensionLine-93d4ee0e-3039-457c-8990-554ddfb6677e' level='level-e42e0c6c-45b3-4aee-ba3e-116d33ccaee1' xStart='543.84' yStart='895.88' xEnd='543.84' yEnd='339.62' offset='-13.686829' visibleIn3D='true'>
    <textStyle attribute='lengthStyle' fontSize='18.0'/>
  </dimensionLine>
  <dimensionLine id='dimensionLine-98761157-32e5-40ac-bc25-ca2752c71e06' level='level-e42e0c6c-45b3-4aee-ba3e-116d33ccaee1' xStart='564.81995' yStart='513.57855' xEnd='610.5399' yEnd='513.57855' offset='-1.333374' pitch='-1.5707964' visibleIn3D='true'>
    <textStyle attribute='lengthStyle' fontSize='18.0'/>
  </dimensionLine>
  <dimensionLine id='dimensionLine-b82e7049-4188-45a1-963c-be736ca5db93' level='level-e42e0c6c-45b3-4aee-ba3e-116d33ccaee1' xStart='0.81988525' yStart='526.9116' xEnd='46.539886' yEnd='526.9116' offset='-6.666504' pitch='-1.5707964' visibleIn3D='true'>
    <textStyle attribute='lengthStyle' fontSize='18.0'/>
  </dimensionLine>
  <label id='label-bb8b4ba8-97b2-4f1d-aedd-53e23b9cec89' level='level-639ef367-c0ca-4985-b4c4-9117fd87c7c5' x='467.94446' y='540.5118' angle='4.712389' elevation='1.27' pitch='0.0'>
    <textStyle fontSize='18.0'/>
    <text>&lt;--             13&apos;1&quot;             --></text>
  </label>
</home>